model_name,chemistry,it,science,math,english
LessonPlan-Agent,0.6535251286882781,0.8622803017523047,0.6280890204644787,0.753879458981423,0.6837058582773105
ChatGPT4prompt,0.7918542643254812,0.876731487835251,0.7531504591058201,0.8228325264816373,0.8277922167394538
self-critique,0.633956072168292,0.8368473624000401,0.7697519563522187,0.721038809183331,0.6706560929239694
qwen72b,0.6822157543357539,0.8801263457744877,0.9315858307491606,0.6611012244042127,0.8560525456980816
claude3-sonnet,0.6530880562907383,0.8332698170070788,0.7197747491099244,0.8071123314695099,0.7437284733887076
GPT4-FAST,0.755015897278495,0.7132231098296549,0.8983082217506133,0.795769748964888,0.6652850832322643
GLM-4,0.6309950534948364,0.6842999012582173,0.7785166040366529,0.6609374752091325,0.8091701346582699
