model_name,chemistry,it,science,math,english
LessonPlan-Agent,0.6745746653559479,0.8789600022286379,0.6413839415058786,0.7696011907120899,0.7067274410111233
ChatGPT4prompt,0.8542426078103368,0.8905572454110086,0.7679057123972693,0.8356487791956628,0.849930535154139
self-critique,0.6562902222473713,0.8580739136009656,0.7894030092168481,0.7361607358414591,0.6976225920726316
qwen72b,0.7037002269009138,0.8953262871253884,0.9315858307491606,0.6822510593619335,0.885786328234247
claude3-sonnet,0.6727732903937349,0.8332698170070788,0.7431044285834185,0.8298127482717105,0.7652855532762187
GPT4-FAST,0.7792827730137973,0.7317450019902294,0.8983082217506133,0.8005304600966554,0.6835418287745585
GLM-4,0.6547259056454737,0.6952399622658288,0.7990386082635592,0.6837919082203177,0.8065026657453137
